{"stats":{"minecraft:mined":{"minecraft:diamond_ore":3,"minecraft:torch":1,"minecraft:crafting_table":1,"minecraft:cave_vines_plant":1,"minecraft:granite":1,"minecraft:short_grass":8,"minecraft:grass_block":1,"minecraft:tall_grass":1,"minecraft:cobblestone":3,"minecraft:moss_block":1,"minecraft:diorite":20,"minecraft:wall_torch":2,"minecraft:birch_log":32,"minecraft:iron_ore":109,"minecraft:birch_leaves":1,"minecraft:andesite":5,"minecraft:cave_vines":2,"minecraft:coal_ore":35,"minecraft:deepslate_iron_ore":15,"minecraft:gravel":4,"minecraft:dirt":3,"minecraft:stone":116,"minecraft:small_dripleaf":1,"minecraft:deepslate":4},"minecraft:broken":{"minecraft:stone_pickaxe":1,"minecraft:golden_sword":1,"minecraft:wooden_axe":1},"minecraft:custom":{"minecraft:interact_with_furnace":11,"minecraft:mob_kills":35,"minecraft:interact_with_crafting_table":11,"minecraft:leave_game":7,"minecraft:time_since_death":54111,"minecraft:climb_one_cm":311,"minecraft:time_since_rest":54111,"minecraft:sprint_one_cm":163802,"minecraft:walk_one_cm":116810,"minecraft:damage_taken":1186,"minecraft:damage_absorbed":80,"minecraft:damage_blocked_by_shield":773,"minecraft:drop":9,"minecraft:damage_dealt":4901,"minecraft:swim_one_cm":10013,"minecraft:fly_one_cm":190213,"minecraft:open_chest":7,"minecraft:crouch_one_cm":6446,"minecraft:play_time":54111,"minecraft:sneak_time":2647,"minecraft:walk_under_water_one_cm":1182,"minecraft:jump":1179,"minecraft:interact_with_blast_furnace":6,"minecraft:walk_on_water_one_cm":4452,"minecraft:interact_with_smoker":1,"minecraft:total_world_time":54111,"minecraft:fall_one_cm":27099},"minecraft:used":{"minecraft:moss_carpet":6,"minecraft:water_bucket":6,"minecraft:diorite":1,"minecraft:stone_pickaxe":132,"minecraft:shield":11,"minecraft:wooden_pickaxe":26,"minecraft:cooked_chicken":2,"minecraft:rotten_flesh":9,"minecraft:glow_berries":1,"minecraft:torch":47,"minecraft:golden_apple":2,"minecraft:dirt":2,"minecraft:crafting_table":4,"minecraft:golden_chestplate":1,"minecraft:axolotl_bucket":1,"minecraft:wooden_axe":43,"minecraft:bread":1,"minecraft:birch_sapling":1,"minecraft:iron_pickaxe":177,"minecraft:gravel":3,"minecraft:stone_axe":15,"minecraft:golden_sword":34,"minecraft:fire_charge":1,"minecraft:cobblestone":15,"minecraft:cooked_porkchop":5,"minecraft:furnace":1,"minecraft:porkchop":5,"minecraft:bucket":8,"minecraft:andesite":5,"minecraft:egg":1,"minecraft:cooked_beef":2,"minecraft:cobbled_deepslate":1},"minecraft:dropped":{"minecraft:raw_iron":6,"minecraft:feather":2,"minecraft:granite":1,"minecraft:flint":1,"minecraft:diorite":21,"minecraft:spider_eye":4,"minecraft:wooden_pickaxe":1},"minecraft:crafted":{"minecraft:cooked_beef":2,"minecraft:crafting_table":3,"minecraft:wooden_pickaxe":1,"minecraft:cooked_chicken":2,"minecraft:furnace":1,"minecraft:stone":3,"minecraft:birch_planks":56,"minecraft:stone_axe":1,"minecraft:air":0,"minecraft:stick":20,"minecraft:iron_ingot":3,"minecraft:iron_pickaxe":1,"minecraft:stone_pickaxe":1,"minecraft:wooden_axe":1,"minecraft:torch":40},"minecraft:picked_up":{"minecraft:birch_log":32,"minecraft:crafting_table":1,"minecraft:feather":2,"minecraft:chicken":2,"minecraft:andesite":7,"minecraft:leather":2,"minecraft:flint":1,"minecraft:shield":1,"minecraft:moss_carpet":6,"minecraft:dirt":16,"minecraft:string":4,"minecraft:bone":7,"minecraft:wheat_seeds":2,"minecraft:cobbled_deepslate":4,"minecraft:beef":13,"minecraft:azalea":2,"minecraft:moss_block":3,"minecraft:birch_sapling":1,"minecraft:egg":1,"minecraft:stick":3,"minecraft:raw_iron":126,"minecraft:cooked_porkchop":7,"minecraft:big_dripleaf":1,"minecraft:torch":36,"minecraft:gravel":3,"minecraft:porkchop":19,"minecraft:diorite":22,"minecraft:spider_eye":4,"minecraft:arrow":8,"minecraft:rotten_flesh":9,"minecraft:diamond":3,"minecraft:granite":1,"minecraft:glow_berries":1,"minecraft:coal":40,"minecraft:cobblestone":123},"minecraft:killed":{"minecraft:pig":9,"minecraft:spider":6,"minecraft:skeleton":4,"minecraft:zombie":7,"minecraft:chicken":2,"minecraft:cow":6}},"DataVersion":3953}