{"stats":{"minecraft:mined":{"minecraft:torch":1,"minecraft:crafting_table":1,"minecraft:cave_vines_plant":1,"minecraft:granite":1,"minecraft:short_grass":8,"minecraft:grass_block":1,"minecraft:tall_grass":1,"minecraft:cobblestone":3,"minecraft:diorite":19,"minecraft:wall_torch":2,"minecraft:birch_log":32,"minecraft:iron_ore":109,"minecraft:birch_leaves":1,"minecraft:andesite":5,"minecraft:cave_vines":2,"minecraft:coal_ore":35,"minecraft:deepslate_iron_ore":15,"minecraft:gravel":4,"minecraft:dirt":3,"minecraft:stone":116,"minecraft:small_dripleaf":1,"minecraft:deepslate":2},"minecraft:broken":{"minecraft:stone_pickaxe":1,"minecraft:golden_sword":1,"minecraft:wooden_axe":1},"minecraft:used":{"minecraft:water_bucket":2,"minecraft:stone_pickaxe":132,"minecraft:shield":11,"minecraft:wooden_pickaxe":26,"minecraft:cooked_chicken":2,"minecraft:rotten_flesh":9,"minecraft:glow_berries":1,"minecraft:torch":43,"minecraft:golden_apple":2,"minecraft:dirt":2,"minecraft:crafting_table":4,"minecraft:golden_chestplate":1,"minecraft:axolotl_bucket":1,"minecraft:wooden_axe":43,"minecraft:birch_sapling":1,"minecraft:iron_pickaxe":170,"minecraft:gravel":3,"minecraft:stone_axe":12,"minecraft:golden_sword":34,"minecraft:fire_charge":1,"minecraft:cobblestone":7,"minecraft:cooked_porkchop":3,"minecraft:furnace":1,"minecraft:porkchop":5,"minecraft:bucket":4,"minecraft:andesite":5,"minecraft:egg":1,"minecraft:cooked_beef":2,"minecraft:cobbled_deepslate":1},"minecraft:custom":{"minecraft:interact_with_furnace":11,"minecraft:mob_kills":34,"minecraft:interact_with_crafting_table":11,"minecraft:leave_game":6,"minecraft:time_since_death":48068,"minecraft:time_since_rest":48068,"minecraft:sprint_one_cm":140756,"minecraft:walk_one_cm":102260,"minecraft:damage_taken":1081,"minecraft:damage_absorbed":80,"minecraft:damage_blocked_by_shield":773,"minecraft:drop":8,"minecraft:damage_dealt":4647,"minecraft:swim_one_cm":10013,"minecraft:fly_one_cm":171588,"minecraft:open_chest":5,"minecraft:crouch_one_cm":5421,"minecraft:play_time":48068,"minecraft:sneak_time":2353,"minecraft:walk_under_water_one_cm":769,"minecraft:jump":1006,"minecraft:interact_with_blast_furnace":6,"minecraft:walk_on_water_one_cm":3270,"minecraft:interact_with_smoker":1,"minecraft:total_world_time":48068,"minecraft:fall_one_cm":22457},"minecraft:dropped":{"minecraft:raw_iron":6,"minecraft:feather":2,"minecraft:granite":1,"minecraft:flint":1,"minecraft:diorite":21,"minecraft:spider_eye":3,"minecraft:wooden_pickaxe":1},"minecraft:crafted":{"minecraft:cooked_beef":2,"minecraft:crafting_table":3,"minecraft:wooden_pickaxe":1,"minecraft:cooked_chicken":2,"minecraft:furnace":1,"minecraft:stone":3,"minecraft:birch_planks":56,"minecraft:stone_axe":1,"minecraft:air":0,"minecraft:stick":20,"minecraft:iron_ingot":3,"minecraft:iron_pickaxe":1,"minecraft:stone_pickaxe":1,"minecraft:wooden_axe":1,"minecraft:torch":40},"minecraft:picked_up":{"minecraft:birch_log":32,"minecraft:crafting_table":1,"minecraft:feather":2,"minecraft:chicken":2,"minecraft:andesite":7,"minecraft:leather":2,"minecraft:flint":1,"minecraft:shield":1,"minecraft:moss_carpet":6,"minecraft:dirt":16,"minecraft:string":4,"minecraft:bone":7,"minecraft:wheat_seeds":2,"minecraft:cobbled_deepslate":2,"minecraft:beef":13,"minecraft:azalea":2,"minecraft:moss_block":2,"minecraft:birch_sapling":1,"minecraft:egg":1,"minecraft:stick":3,"minecraft:raw_iron":126,"minecraft:cooked_porkchop":7,"minecraft:big_dripleaf":1,"minecraft:torch":4,"minecraft:gravel":3,"minecraft:porkchop":19,"minecraft:diorite":21,"minecraft:spider_eye":3,"minecraft:arrow":8,"minecraft:rotten_flesh":9,"minecraft:granite":1,"minecraft:glow_berries":1,"minecraft:coal":40,"minecraft:cobblestone":123},"minecraft:killed":{"minecraft:pig":9,"minecraft:spider":5,"minecraft:skeleton":4,"minecraft:zombie":7,"minecraft:chicken":2,"minecraft:cow":6}},"DataVersion":3953}