{"stats":{"minecraft:mined":{"minecraft:short_grass":6,"minecraft:birch_log":21},"minecraft:used":{"minecraft:wooden_axe":14,"minecraft:crafting_table":1},"minecraft:custom":{"minecraft:time_since_rest":12068,"minecraft:crouch_one_cm":422,"minecraft:sprint_one_cm":23930,"minecraft:play_time":12068,"minecraft:walk_one_cm":15766,"minecraft:sneak_time":122,"minecraft:jump":140,"minecraft:leave_game":6,"minecraft:time_since_death":12068,"minecraft:total_world_time":12068,"minecraft:interact_with_crafting_table":7,"minecraft:fall_one_cm":3197,"minecraft:fly_one_cm":24087},"minecraft:crafted":{"minecraft:birch_planks":56,"minecraft:crafting_table":1,"minecraft:stick":8,"minecraft:wooden_pickaxe":1,"minecraft:wooden_axe":1},"minecraft:picked_up":{"minecraft:birch_log":21,"minecraft:stick":3,"minecraft:dirt":9}},"DataVersion":3953}