{"stats":{"minecraft:mined":{"minecraft:birch_log":32,"minecraft:birch_leaves":1,"minecraft:crafting_table":1,"minecraft:short_grass":8,"minecraft:grass_block":1,"minecraft:dirt":3,"minecraft:cobblestone":3,"minecraft:stone":33,"minecraft:diorite":3},"minecraft:broken":{"minecraft:wooden_axe":1},"minecraft:used":{"minecraft:wooden_axe":43,"minecraft:stone_pickaxe":29,"minecraft:birch_sapling":1,"minecraft:wooden_pickaxe":26,"minecraft:stone_axe":4,"minecraft:golden_sword":10,"minecraft:golden_apple":2,"minecraft:fire_charge":1,"minecraft:dirt":2,"minecraft:cobblestone":3,"minecraft:crafting_table":3,"minecraft:furnace":1,"minecraft:porkchop":5,"minecraft:egg":1,"minecraft:golden_chestplate":1},"minecraft:custom":{"minecraft:time_since_rest":24068,"minecraft:interact_with_furnace":1,"minecraft:sprint_one_cm":76415,"minecraft:damage_absorbed":80,"minecraft:damage_taken":425,"minecraft:walk_one_cm":36922,"minecraft:mob_kills":25,"minecraft:drop":1,"minecraft:damage_dealt":2986,"minecraft:swim_one_cm":9925,"minecraft:interact_with_crafting_table":10,"minecraft:fly_one_cm":82804,"minecraft:open_chest":3,"minecraft:crouch_one_cm":2638,"minecraft:play_time":24068,"minecraft:sneak_time":1319,"minecraft:walk_under_water_one_cm":733,"minecraft:jump":415,"minecraft:leave_game":6,"minecraft:time_since_death":24068,"minecraft:walk_on_water_one_cm":1118,"minecraft:total_world_time":24068,"minecraft:fall_one_cm":8321},"minecraft:dropped":{"minecraft:spider_eye":1},"minecraft:crafted":{"minecraft:crafting_table":2,"minecraft:stick":8,"minecraft:wooden_pickaxe":1,"minecraft:stone_pickaxe":1,"minecraft:wooden_axe":1,"minecraft:furnace":1,"minecraft:birch_planks":56,"minecraft:stone_axe":1},"minecraft:picked_up":{"minecraft:birch_log":32,"minecraft:stick":3,"minecraft:crafting_table":1,"minecraft:feather":2,"minecraft:chicken":2,"minecraft:leather":2,"minecraft:porkchop":19,"minecraft:diorite":4,"minecraft:spider_eye":3,"minecraft:string":4,"minecraft:dirt":16,"minecraft:arrow":2,"minecraft:rotten_flesh":5,"minecraft:beef":13,"minecraft:birch_sapling":1,"minecraft:cobblestone":37,"minecraft:egg":1},"minecraft:killed":{"minecraft:zombie":3,"minecraft:pig":9,"minecraft:chicken":2,"minecraft:spider":5,"minecraft:cow":6}},"DataVersion":3953}