{"stats":{"minecraft:mined":{"minecraft:crafting_table":7,"minecraft:granite":4,"minecraft:short_grass":2,"minecraft:blast_furnace":2,"minecraft:grass_block":5,"minecraft:lapis_ore":3,"minecraft:sugar_cane":4,"minecraft:diorite":15,"minecraft:furnace":4,"minecraft:birch_log":43,"minecraft:iron_ore":12,"minecraft:fire":1,"minecraft:birch_leaves":6,"minecraft:andesite":1,"minecraft:coal_ore":35,"minecraft:deepslate_iron_ore":1,"minecraft:gravel":1,"minecraft:dirt":14,"minecraft:stone":68},"minecraft:broken":{"minecraft:stone_pickaxe":1},"minecraft:killed_by":{"minecraft:skeleton":1,"minecraft:spider":1},"minecraft:used":{"minecraft:birch_planks":1,"minecraft:stone_pickaxe":131,"minecraft:shield":4,"minecraft:wooden_pickaxe":7,"minecraft:torch":23,"minecraft:golden_hoe":1,"minecraft:dirt":1,"minecraft:crafting_table":5,"minecraft:blast_furnace":2,"minecraft:iron_pickaxe":7,"minecraft:stone_axe":50,"minecraft:cobblestone":1,"minecraft:furnace":3,"minecraft:cooked_beef":2},"minecraft:custom":{"minecraft:interact_with_furnace":25,"minecraft:mob_kills":2,"minecraft:interact_with_crafting_table":13,"minecraft:leave_game":3,"minecraft:time_since_death":16478,"minecraft:time_since_rest":16503,"minecraft:sprint_one_cm":73204,"minecraft:damage_taken":556,"minecraft:walk_one_cm":67430,"minecraft:damage_blocked_by_shield":180,"minecraft:drop":14,"minecraft:damage_dealt":131,"minecraft:swim_one_cm":2629,"minecraft:fly_one_cm":51013,"minecraft:open_chest":3,"minecraft:crouch_one_cm":1397,"minecraft:play_time":30433,"minecraft:deaths":2,"minecraft:sneak_time":651,"minecraft:walk_under_water_one_cm":44,"minecraft:jump":353,"minecraft:interact_with_blast_furnace":4,"minecraft:walk_on_water_one_cm":815,"minecraft:total_world_time":30433,"minecraft:fall_one_cm":7369},"minecraft:dropped":{"minecraft:gravel":1,"minecraft:birch_sapling":1,"minecraft:dirt":9,"minecraft:shield":1,"minecraft:andesite":1,"minecraft:wooden_pickaxe":1},"minecraft:crafted":{"minecraft:cooked_beef":2,"minecraft:smooth_stone":3,"minecraft:crafting_table":1,"minecraft:wooden_pickaxe":1,"minecraft:furnace":1,"minecraft:blast_furnace":1,"minecraft:birch_planks":40,"minecraft:stone_axe":1,"minecraft:air":0,"minecraft:charcoal":2,"minecraft:shield":2,"minecraft:stick":20,"minecraft:iron_ingot":15,"minecraft:iron_pickaxe":1,"minecraft:stone_pickaxe":1,"minecraft:torch":24},"minecraft:picked_up":{"minecraft:birch_log":117,"minecraft:charcoal":7,"minecraft:crafting_table":9,"minecraft:cooked_beef":9,"minecraft:andesite":1,"minecraft:wooden_pickaxe":2,"minecraft:birch_planks":25,"minecraft:lapis_lazuli":13,"minecraft:dirt":16,"minecraft:cobbled_deepslate":2,"minecraft:stone_pickaxe":2,"minecraft:sugar_cane":33,"minecraft:birch_sapling":1,"minecraft:furnace":4,"minecraft:stick":11,"minecraft:raw_iron":19,"minecraft:gravel":1,"minecraft:blast_furnace":2,"minecraft:diorite":13,"minecraft:stone_axe":2,"minecraft:granite":4,"minecraft:coal":32,"minecraft:cobblestone":66},"minecraft:killed":{"minecraft:skeleton":1,"minecraft:zombie":1}},"DataVersion":3953}