{"stats":{"minecraft:mined":{"minecraft:birch_log":43,"minecraft:fire":1,"minecraft:birch_leaves":6,"minecraft:crafting_table":1,"minecraft:short_grass":2,"minecraft:grass_block":5,"minecraft:dirt":9,"minecraft:lapis_ore":2,"minecraft:stone":15,"minecraft:sugar_cane":4,"minecraft:diorite":13},"minecraft:killed_by":{"minecraft:skeleton":1,"minecraft:spider":1},"minecraft:used":{"minecraft:birch_planks":1,"minecraft:stone_pickaxe":23,"minecraft:wooden_pickaxe":7,"minecraft:stone_axe":43,"minecraft:golden_hoe":1,"minecraft:dirt":1,"minecraft:cobblestone":1,"minecraft:crafting_table":1},"minecraft:custom":{"minecraft:time_since_rest":4503,"minecraft:interact_with_furnace":3,"minecraft:sprint_one_cm":59352,"minecraft:damage_taken":491,"minecraft:walk_one_cm":29860,"minecraft:mob_kills":1,"minecraft:drop":11,"minecraft:damage_dealt":69,"minecraft:swim_one_cm":2629,"minecraft:interact_with_crafting_table":6,"minecraft:fly_one_cm":47356,"minecraft:open_chest":1,"minecraft:crouch_one_cm":475,"minecraft:play_time":18433,"minecraft:deaths":2,"minecraft:sneak_time":202,"minecraft:walk_under_water_one_cm":44,"minecraft:jump":227,"minecraft:leave_game":3,"minecraft:walk_on_water_one_cm":815,"minecraft:time_since_death":4478,"minecraft:total_world_time":18433,"minecraft:fall_one_cm":5511},"minecraft:crafted":{"minecraft:crafting_table":1,"minecraft:stick":8,"minecraft:wooden_pickaxe":1,"minecraft:stone_pickaxe":1,"minecraft:birch_planks":24,"minecraft:stone_axe":1},"minecraft:dropped":{"minecraft:dirt":9,"minecraft:birch_sapling":1,"minecraft:wooden_pickaxe":1},"minecraft:picked_up":{"minecraft:birch_log":87,"minecraft:stick":4,"minecraft:crafting_table":3,"minecraft:wooden_pickaxe":2,"minecraft:birch_planks":24,"minecraft:diorite":11,"minecraft:lapis_lazuli":9,"minecraft:dirt":11,"minecraft:stone_axe":2,"minecraft:stone_pickaxe":2,"minecraft:sugar_cane":33,"minecraft:birch_sapling":1,"minecraft:cobblestone":15},"minecraft:killed":{"minecraft:skeleton":1}},"DataVersion":3953}