{"stats":{"minecraft:mined":{"minecraft:smoker":1,"minecraft:crafting_table":11,"minecraft:torch":1,"minecraft:granite":4,"minecraft:short_grass":6,"minecraft:blast_furnace":3,"minecraft:grass_block":5,"minecraft:lapis_ore":8,"minecraft:moss_block":7,"minecraft:sugar_cane":4,"minecraft:diorite":15,"minecraft:furnace":4,"minecraft:birch_log":43,"minecraft:iron_ore":34,"minecraft:fire":1,"minecraft:birch_leaves":6,"minecraft:andesite":3,"minecraft:coal_ore":103,"minecraft:deepslate_iron_ore":1,"minecraft:gravel":1,"minecraft:dirt":14,"minecraft:stone":98,"minecraft:gold_ore":6},"minecraft:broken":{"minecraft:stone_pickaxe":1},"minecraft:killed_by":{"minecraft:skeleton":1,"minecraft:spider":1},"minecraft:used":{"minecraft:water_bucket":3,"minecraft:birch_planks":1,"minecraft:stone_pickaxe":131,"minecraft:shield":9,"minecraft:wooden_pickaxe":7,"minecraft:torch":62,"minecraft:golden_hoe":1,"minecraft:dirt":1,"minecraft:crafting_table":9,"minecraft:blast_furnace":3,"minecraft:axolotl_bucket":2,"minecraft:smoker":1,"minecraft:iron_pickaxe":149,"minecraft:stone_axe":59,"minecraft:cobblestone":1,"minecraft:furnace":3,"minecraft:bucket":6,"minecraft:cooked_beef":6},"minecraft:custom":{"minecraft:interact_with_furnace":25,"minecraft:mob_kills":5,"minecraft:interact_with_crafting_table":16,"minecraft:leave_game":3,"minecraft:time_since_death":28478,"minecraft:time_since_rest":28503,"minecraft:sprint_one_cm":99714,"minecraft:damage_taken":926,"minecraft:walk_one_cm":102184,"minecraft:damage_blocked_by_shield":450,"minecraft:drop":19,"minecraft:damage_dealt":623,"minecraft:swim_one_cm":2629,"minecraft:fly_one_cm":92694,"minecraft:open_chest":3,"minecraft:crouch_one_cm":3108,"minecraft:play_time":42433,"minecraft:deaths":2,"minecraft:sneak_time":1380,"minecraft:walk_under_water_one_cm":44,"minecraft:jump":600,"minecraft:interact_with_blast_furnace":11,"minecraft:walk_on_water_one_cm":2914,"minecraft:interact_with_smoker":5,"minecraft:total_world_time":42433,"minecraft:fall_one_cm":15208},"minecraft:dropped":{"minecraft:gravel":1,"minecraft:moss_carpet":2,"minecraft:moss_block":7,"minecraft:wheat_seeds":2,"minecraft:cooked_porkchop":7,"minecraft:birch_sapling":1,"minecraft:dirt":9,"minecraft:shield":1,"minecraft:andesite":1,"minecraft:wooden_pickaxe":1},"minecraft:crafted":{"minecraft:cooked_beef":2,"minecraft:smooth_stone":3,"minecraft:cooked_porkchop":14,"minecraft:crafting_table":1,"minecraft:wooden_pickaxe":1,"minecraft:furnace":1,"minecraft:blast_furnace":1,"minecraft:bucket":1,"minecraft:birch_planks":44,"minecraft:stone_axe":1,"minecraft:air":0,"minecraft:charcoal":2,"minecraft:shield":2,"minecraft:stick":28,"minecraft:iron_ingot":60,"minecraft:iron_pickaxe":1,"minecraft:stone_pickaxe":1,"minecraft:torch":72,"minecraft:smoker":1},"minecraft:picked_up":{"minecraft:birch_log":117,"minecraft:charcoal":7,"minecraft:crafting_table":13,"minecraft:cooked_beef":9,"minecraft:andesite":3,"minecraft:wooden_pickaxe":2,"minecraft:smoker":1,"minecraft:birch_planks":25,"minecraft:lapis_lazuli":45,"minecraft:dirt":16,"minecraft:moss_carpet":2,"minecraft:bone":4,"minecraft:wheat_seeds":2,"minecraft:cobbled_deepslate":3,"minecraft:raw_gold":6,"minecraft:stone_pickaxe":2,"minecraft:moss_block":7,"minecraft:sugar_cane":33,"minecraft:birch_sapling":1,"minecraft:furnace":4,"minecraft:stick":11,"minecraft:raw_iron":71,"minecraft:torch":1,"minecraft:gravel":1,"minecraft:blast_furnace":3,"minecraft:diorite":13,"minecraft:arrow":4,"minecraft:stone_axe":2,"minecraft:granite":4,"minecraft:coal":133,"minecraft:cobblestone":94},"minecraft:killed":{"minecraft:skeleton":3,"minecraft:zombie":2}},"DataVersion":3953}