{"stats":{"minecraft:mined":{"minecraft:deepslate_redstone_ore":11,"minecraft:diamond_ore":2,"minecraft:deepslate_diamond_ore":2,"minecraft:smoker":1,"minecraft:clay":1,"minecraft:crafting_table":11,"minecraft:torch":1,"minecraft:granite":4,"minecraft:short_grass":7,"minecraft:blast_furnace":3,"minecraft:grass_block":5,"minecraft:tall_grass":1,"minecraft:cobblestone":5,"minecraft:deepslate_gold_ore":25,"minecraft:lapis_ore":8,"minecraft:sugar_cane":4,"minecraft:moss_block":9,"minecraft:diorite":15,"minecraft:wall_torch":1,"minecraft:furnace":4,"minecraft:birch_log":43,"minecraft:iron_ore":34,"minecraft:fire":1,"minecraft:andesite":6,"minecraft:birch_leaves":6,"minecraft:coal_ore":103,"minecraft:deepslate_iron_ore":11,"minecraft:gravel":1,"minecraft:dirt":14,"minecraft:stone":102,"minecraft:gold_ore":11,"minecraft:deepslate":23},"minecraft:broken":{"minecraft:stone_pickaxe":1},"minecraft:killed_by":{"minecraft:skeleton":1,"minecraft:spider":1},"minecraft:used":{"minecraft:water_bucket":3,"minecraft:birch_planks":1,"minecraft:stone_pickaxe":131,"minecraft:wooden_pickaxe":7,"minecraft:shield":15,"minecraft:torch":240,"minecraft:golden_hoe":1,"minecraft:dirt":1,"minecraft:crafting_table":9,"minecraft:blast_furnace":3,"minecraft:axolotl_bucket":2,"minecraft:smoker":1,"minecraft:iron_pickaxe":239,"minecraft:stone_axe":65,"minecraft:cobblestone":15,"minecraft:furnace":3,"minecraft:bucket":6,"minecraft:cooked_beef":10},"minecraft:custom":{"minecraft:interact_with_furnace":25,"minecraft:mob_kills":7,"minecraft:interact_with_crafting_table":16,"minecraft:leave_game":4,"minecraft:time_since_death":52475,"minecraft:climb_one_cm":343,"minecraft:time_since_rest":52500,"minecraft:sprint_one_cm":127457,"minecraft:damage_taken":1261,"minecraft:walk_one_cm":204336,"minecraft:damage_blocked_by_shield":600,"minecraft:drop":22,"minecraft:damage_dealt":1054,"minecraft:swim_one_cm":2629,"minecraft:fly_one_cm":113043,"minecraft:open_chest":6,"minecraft:crouch_one_cm":6038,"minecraft:play_time":66430,"minecraft:deaths":2,"minecraft:sneak_time":2781,"minecraft:walk_under_water_one_cm":44,"minecraft:jump":903,"minecraft:interact_with_blast_furnace":11,"minecraft:walk_on_water_one_cm":3276,"minecraft:total_world_time":66430,"minecraft:interact_with_smoker":5,"minecraft:fall_one_cm":21628},"minecraft:dropped":{"minecraft:gravel":1,"minecraft:moss_carpet":2,"minecraft:moss_block":7,"minecraft:wheat_seeds":3,"minecraft:cooked_porkchop":7,"minecraft:birch_sapling":1,"minecraft:dirt":9,"minecraft:shield":1,"minecraft:torch":32,"minecraft:andesite":4,"minecraft:wooden_pickaxe":1},"minecraft:crafted":{"minecraft:cooked_beef":2,"minecraft:smooth_stone":3,"minecraft:cooked_porkchop":14,"minecraft:crafting_table":1,"minecraft:wooden_pickaxe":1,"minecraft:furnace":1,"minecraft:blast_furnace":1,"minecraft:bucket":1,"minecraft:birch_planks":72,"minecraft:stone_axe":1,"minecraft:air":0,"minecraft:charcoal":2,"minecraft:shield":2,"minecraft:stick":84,"minecraft:iron_ingot":60,"minecraft:iron_pickaxe":1,"minecraft:stone_pickaxe":1,"minecraft:torch":296,"minecraft:smoker":1},"minecraft:picked_up":{"minecraft:birch_log":117,"minecraft:charcoal":7,"minecraft:crafting_table":13,"minecraft:cooked_beef":9,"minecraft:clay_ball":4,"minecraft:andesite":4,"minecraft:wooden_pickaxe":2,"minecraft:smoker":1,"minecraft:birch_planks":25,"minecraft:lapis_lazuli":45,"minecraft:dirt":16,"minecraft:string":1,"minecraft:moss_carpet":2,"minecraft:bone":4,"minecraft:wheat_seeds":3,"minecraft:cobbled_deepslate":24,"minecraft:raw_gold":36,"minecraft:stone_pickaxe":2,"minecraft:sugar_cane":33,"minecraft:moss_block":9,"minecraft:birch_sapling":1,"minecraft:furnace":4,"minecraft:raw_iron":81,"minecraft:stick":11,"minecraft:torch":4,"minecraft:gravel":1,"minecraft:blast_furnace":3,"minecraft:diorite":13,"minecraft:redstone":48,"minecraft:arrow":4,"minecraft:diamond":4,"minecraft:stone_axe":2,"minecraft:granite":4,"minecraft:coal":133,"minecraft:cobblestone":103},"minecraft:killed":{"minecraft:skeleton":3,"minecraft:zombie":4}},"DataVersion":3953}