{"stats":{"minecraft:mined":{"minecraft:grass_block":4,"minecraft:dirt":6,"minecraft:birch_log":6,"minecraft:stone":7,"minecraft:birch_leaves":2,"minecraft:sugar_cane":4},"minecraft:used":{"minecraft:dirt":1,"minecraft:crafting_table":1,"minecraft:wooden_pickaxe":7},"minecraft:custom":{"minecraft:time_since_rest":8241,"minecraft:play_time":8241,"minecraft:crouch_one_cm":385,"minecraft:sprint_one_cm":12223,"minecraft:walk_one_cm":11268,"minecraft:sneak_time":141,"minecraft:drop":9,"minecraft:jump":76,"minecraft:leave_game":2,"minecraft:time_since_death":8241,"minecraft:walk_on_water_one_cm":211,"minecraft:total_world_time":8241,"minecraft:interact_with_crafting_table":3,"minecraft:fall_one_cm":1103,"minecraft:fly_one_cm":16199},"minecraft:crafted":{"minecraft:birch_planks":24,"minecraft:crafting_table":1,"minecraft:stick":4,"minecraft:wooden_pickaxe":1},"minecraft:dropped":{"minecraft:dirt":9},"minecraft:picked_up":{"minecraft:birch_log":6,"minecraft:sugar_cane":11,"minecraft:dirt":10,"minecraft:cobblestone":7}},"DataVersion":3953}